region,address,size,what,doc
rom,0x7E472C,12 x 2,Quick Play circuit map: track slot per map cursor (screen 7),formats/ui
rom,0x7E5070,4 x 2,race mode name keys (event and results pages),formats/ui
rom,0x7E5078,8 x 2,race mode icon materials (4 normal then 4 selected),formats/ui
rom,0x7E5090,0x14,career event page (screen 0xD): heading; prompts; background; items,formats/ui
rom,0x7E50A4,4 x 0x14,map pages (screens 7 8 0xE 0x11): +2/+4 prompts,formats/ui
rom,0x7E510C,2 x 0x18,race results pages (0xB 0xC): heading; +4/+6 prompts; +8/+10 background,formats/ui
rom,0x7E517C,15 x 8,car name keys (i16 at +0),formats/ui
rom,0x7E544C,17 x 0x14,List pages by list_slot: heading; prompts; +6/+8 background,formats/ui
rom,0x7E62C0,,text shown for a setting value out of its range,formats/ui
rom,0x7E6ED4,12 x 2,page-script flash colours (palette entries 0xC0..0xCB),formats/ui
rom,0x7E6EEC,19 x 0x80,portrait palettes for materials 0x40..0x52 (64 colours each; 0x4D.. out of order),formats/ui
rom,0x7E78A0,13 x 2,wingman portrait material per wingman (screen 0x27),formats/ui
rom,0x7E8534,0xC,wingman introduction page record (screen 0x27): enter script; draw script; entries,formats/ui
rom,0x7E8540,4 x 0xC,race-mode hint page records (screens 0x28..0x2B),formats/ui
rom,0x7E8570,0xC per hint,career hint page records (screen 0x26),formats/ui
rom,0x799B6C,4 x 4,race mode name keys (Quick Play summary),formats/ui
ram,0x03006230,0xC,map state: +0/+4 view x/y 8.8; +8 cursor i8; +9 moved,formats/ui
ram,0x030059E8,4,page wait: frame counter value page 0x29 and page-script sounds wait for,formats/ui
ram,0x030059EC,4,message box argument (-1: none),formats/ui
ram,0x030059F8,4,message box text key,formats/ui
ram,0x03005994,4,cleared by setup_screen_enter,formats/ui
ram,0x03005998,4,settings changed (options screen: ask to save),formats/ui
ram,0x0300641C,4,frame buffer page 1 pointer (0x06000000),formats/ui
ram,0x03006420,4,frame buffer page 2 pointer (0x0600A000),formats/ui
profile,+0x1F8,1,career hints seen,formats/ui
profile,+0x1F9,1,career hints pending (added to +0x1F8 on save),formats/ui
profile,+0x1FA,1,hint page within the current hint; cleared by hint_due,formats/ui
profile,+0x1FC,1,event slot of the selected career event,formats/ui
profile,+0x254,2,map grid cursor of the zone-3 hint (0..11),formats/ui
profile,+0x256,2,advance the zone when the hints finish,formats/ui
profile,+0x368,6,setup screen cursors (one per setup record),formats/ui
profile,+0x374,0x10,setup arrow delays (left/right per item),formats/ui
profile,+0x388,6,career event cursor per zone,formats/ui
profile,+0x3B4,4,new track record flag,formats/ui
profile,+0x3B8,4,last race payout,formats/ui
profile,+0x3BC,0x3C,settings copies edited by the setup screens (setting_variable ids 2..0x10),formats/ui
profile,+0x404,1,map mode: 0 pick a track; 1 pick a district; 2/3 record pages,formats/ui
profile,+0x450,4,bits the hint conditions test,formats/ui
profile,+0x4A8,2,record message pending (results page 0xB),formats/ui
profile,+0x4AA,,unlock message text keys (u16; 0 ends),formats/ui
rom,0x797CD8,3 x 2,List carousel x positions (previous; next; current),formats/ui
rom,0x797CE0,3 x 2,List carousel y positions (24; 24; 32),formats/ui
rom,0x797D0A,4,Quick Play random race: the race modes to draw from,formats/ui
rom,0x7E786C,13 x 4,crew portrait palette pointers (64 colours each),formats/ui
ram,0x030064C4,2,a second key word (car select turns the car on 0x40/0x80),formats/ui
ram,0x03005954,4,upgrades changed (the 0x8B save question),formats/ui
ram,0x0300562C,4,free race (RACE TYPE): rand % 3 + 1,formats/ui
ram,0x03006118,4,free race (RACE TYPE): rand % 20,formats/ui
ram,0x03005707,10,garage working copy of the car record bytes 7..16 (0x03005700 holds 0..6),formats/ui
profile,+0x2F6,6,car select turn: +0x2F6 speed (0x80) and +0x2F8 target angle,formats/ui
profile,+0x338,4,cleared when an upgrade page opens,formats/ui
profile,+0x350,17,List cursor per list_slot,formats/ui
profile,+0x364,2,upgrade page selections (+0x364 performance; +0x365 visual/aero/accessories),formats/ui
profile,+0x494,2,profile page mode (1 new; 2 rename),formats/ui
profile,+0x258,2,upgrades save question open,formats/ui
