address,name,kind,comment
0x08165134,iwram_divmod_rom,function,ROM copy of IWRAM 0x03000220 (iwram_divmod)
0x03000298,copy32,function,ARM copy of n>>5 32-byte blocks (ldm/stm); used by obj_upload_tiles
0x081651ac,copy32_rom,function,ROM copy of IWRAM 0x03000298 (copy32)
0x03004b98,minimap_window_copy,function,ARM: 64x64 window of the 4bpp map into 64 OBJ tiles; byte shift with masks 0x087F5CE8
0x08169aac,minimap_window_copy_rom,function,ROM copy of IWRAM 0x03004b98 (minimap_window_copy)
0x08142094,hud_reset_mode0,function,objects 0/14 frame = language; 32 = language+1 in km/h; hides message element 46 (modes 0/1)
0x081420d0,hud_reset_mode3,function,as hud_reset_mode0 (mode 3)
0x0814210c,hud_reset_mode2,function,as hud_reset_mode0 but hides message element 54 (mode 2)
0x08142674,hud_hunter_bars,function,hunter mode: two bar objects per racer from hunter life (driver +0x4E8)
0x0814279c,hud_countdown_timer,function,(not called by the HUD modes) countdown *0x03006154 - race time; race state 7 at zero
0x08142aac,hud_best_lap,function,(tentative; not called by the HUD modes) best lap driver +0xB4 or the profile record time as digits
0x08142e44,hud_message_cancel,function,stops a message and hides its element
0x08143010,hud_toggle,function,1: hud_reset; else hides every object; then hud_message_hide (pause 0 / continue 1)
0x0814305c,hud_message_show_default,function,hud_message_show(msg, time, 0)
0x081430f0,hud_message_show_player,function,hud_message_show(msg, time, 0) when the entity is the player (*0x03000060)
0x0814310c,hud_message_force_player,function,hud_message_show(msg, time, 1) when the entity is the player
0x08143128,hud_message2_player,function,hud_message_show(2, time, 0) when the entity is the player
0x08143094,hud_units_frame,function,(tentative; not called by the HUD modes) a units panel frame by language
0x08143248,hud_message_entry,function,message table entry: 0x087F437D (modes 0/1) / 0x087F43FD (2) / 0x087F43BD (3) + 4*msg
0x08161a34,obj_tile_address,function,0x06010000 + 32*(tile + *0x030064E0) when DISPCNT OBJ 1-D mapping; else 0
0x0816165c,obj_palette_write,function,copies n colours to OBJ palette RAM from index k (-1 when out of range)
